,Fund Manager,Data Manager,Legal Manager,Investors,Net Profits
Start,0,0,0,0,300000
Hurdle Return,0,0,0,60000,300000
80/20 Split,11250,6250,7500,100000,240000
75/25 Split,13895.833333333332,13895.833333333332,13895.833333333332,73312.5,115000
50/50 Split,0,0,0,0,0
Total,25145.833333333332,20145.833333333332,21395.833333333332,233312.5,0
